date,card_id,verdict,confidence
2026-10-09,h001,supported,strong
2026-10-09,h002,refuted,strong
2026-10-09,h003,inconclusive,inconclusive
2026-10-09,h004,supported,weak
2026-10-09,h005,refuted,strong
2026-10-09,h006,refuted,strong
2026-10-09,h007,inconclusive,inconclusive
2026-10-09,h008,supported,weak
2026-10-09,h009,supported,weak
2026-10-09,h010,inconclusive,inconclusive
2026-10-09,h011,supported,strong
2026-10-09,h012,supported,strong
2026-10-09,h013,supported,strong
2026-10-09,h014,supported,strong
2026-10-09,h015,supported,strong
2026-10-09,h016,refuted,strong
2026-10-09,h017,supported,strong
2026-10-09,h018,supported,strong
2026-10-09,h019,supported,strong
2026-10-09,h020,supported,strong
2026-10-09,h021,supported,strong
2026-10-09,h022,supported,strong
2026-10-09,h023,supported,strong
2026-10-09,h024,supported,strong
2026-10-09,h025,supported,strong
2026-10-09,h026,refuted,strong
2026-10-09,h027,supported,weak
2026-10-09,h028,inconclusive,inconclusive
2026-10-09,h029,supported,weak
2026-10-09,h030,inconclusive,inconclusive
2026-10-09,h100,inconclusive,inconclusive
2026-10-09,h101,supported,strong
2026-10-09,h102,supported,weak
2026-10-09,h103,supported,weak
2026-10-09,h104,inconclusive,inconclusive
2026-10-09,h105,refuted,strong
2026-10-09,h106,inconclusive,inconclusive
2026-10-09,h107,supported,strong
2026-10-09,h108,inconclusive,inconclusive
2026-10-09,h109,supported,strong
2026-10-09,h110,supported,weak
2026-10-09,h111,refuted,strong
2026-10-09,h112,supported,strong
2026-10-09,h113,refuted,strong
2026-10-09,h114,supported,strong
2026-10-09,h115,supported,strong
2026-10-09,h116,supported,strong
2026-10-09,h117,supported,weak
2026-10-09,h118,refuted,strong
2026-10-09,h119,inconclusive,inconclusive
2026-10-09,h120,supported,strong
2026-10-09,h121,supported,strong
2026-10-09,h122,supported,strong
2026-10-09,h123,supported,strong
2026-10-09,h124,supported,strong
2026-10-09,h125,supported,strong
2026-10-09,h126,refuted,strong
2026-10-09,h127,supported,strong
2026-10-09,h128,inconclusive,inconclusive
2026-10-09,h129,inconclusive,inconclusive
2026-10-09,h130,supported,weak
2026-10-09,h131,supported,weak
2026-10-09,h132,refuted,strong
2026-10-09,h133,refuted,strong
2026-10-09,h134,supported,strong
2026-10-09,h135,inconclusive,inconclusive
2026-10-09,h136,refuted,weak
2026-10-09,h137,refuted,weak
2026-10-09,h138,refuted,weak
2026-10-09,h139,refuted,weak
2026-10-09,h140,inconclusive,inconclusive
2026-10-09,h141,refuted,weak
2026-10-09,h142,refuted,weak
2026-10-09,h143,inconclusive,inconclusive
2026-10-09,h144,inconclusive,inconclusive
2026-10-09,h145,supported,weak
2026-10-09,h146,supported,weak
2026-10-09,h147,refuted,weak
2026-10-09,h148,inconclusive,inconclusive
2026-10-09,h149,inconclusive,inconclusive
