id,type,by,time,title,url,domain,score,descendants,text,dead,deleted
50010378,comment,legitster,1791485977,,,,,,"I really don&#x27;t think this is true.<p>The problem is that the relationship is non-linear. The data shows that at a certain amount of comfort and income, most people really aren&#x27;t willing to make drastically uncomfortable lifestyle choices for any amount of money. I&#x27;m not suddenly going to become a lineman even if it pays double what I make now.<p>How many kids in our culture are actually looking at earning potential as the #1 factor when they choose a career?",0,0
50010377,comment,haunter,1791485960,,,,,,"<a href=""https:&#x2F;&#x2F;nitter.xitter.cc&#x2F;ProtonVPN&#x2F;status&#x2F;2107515330423591319"" rel=""nofollow"">https:&#x2F;&#x2F;nitter.xitter.cc&#x2F;ProtonVPN&#x2F;status&#x2F;210751533042359131...</a>",0,0
50010376,story,haunter,1791485960,Don't Scan Your Face,https://twitter.com/ProtonVPN/status/2107515330423591319,twitter.com,1,1,,0,0
50010375,comment,angmarsbane,1791485960,,,,,,"Having children can also provide a poor woman with status and a title within society. She isn&#x27;t just a nobody, she is a Mom, and there is some respect that can come with that.",0,0
50010374,comment,bubblethink,1791485957,,,,,,Because they do? Are we doing the &quot;Haitians are eating cats and dogs&quot; bit here on HN?,0,0
50010373,comment,dooglius,1791485954,,,,,,Oh interesting I thought it was more or less a wrapper around MXCSR (or equivalent for other architectures),0,0
50010372,comment,alethic,1791485949,,,,,,"Haha, that is a funny sentiment to express :-D<p>I agree though! I think their website has been influenced by and has influenced various Japanese-language sites in my bookmarks. It is a very rectangular style.",0,0
50010371,comment,ahartmetz,1791485949,,,,,,"In the discussion of a similar article, it was called PBBT - profit before bad things.",0,0
50010370,comment,lelandfe,1791485941,,,,,,You’d argue <i>that</i>? Surely you would ask: why are you only posting this in a newspaper?<p>I don’t know anyone my age who reads a newspaper.,0,0
50010369,story,matt_d,1791485929,Agent Plasticity: Measuring Self-Improvement Through Experience,https://harmandotpy.github.io/agent-plasticity/,harmandotpy.github.io,1,0,,0,0
50010368,comment,thunderbong,1791485926,,,,,,"<a href=""https:&#x2F;&#x2F;archive.is&#x2F;hcUOj"" rel=""nofollow"">https:&#x2F;&#x2F;archive.is&#x2F;hcUOj</a>",0,0
50010367,comment,testuser1984,1791485925,,,,,,"Newspaper is ONE of the requirements. It needs to be posted across 5 sources. 2 mandatory and 3 of 10 other recruitment options.<p><a href=""https:&#x2F;&#x2F;www.ecfr.gov&#x2F;current&#x2F;title-20&#x2F;part-656&#x2F;section-656.17#p-656.17(e)"" rel=""nofollow"">https:&#x2F;&#x2F;www.ecfr.gov&#x2F;current&#x2F;title-20&#x2F;part-656&#x2F;section-656.1...</a>",0,0
